Id,StartDate,Duration,Location,EventLink,EventImageUrl
1,05/09/2023,7,Huanghai,http://odnoklassniki.ru/nulla/dapibus/dolor.html?sit=morbi&amet=vel&cursus=lectus&id=in&turpis=quam&integer=fringilla&aliquet=rhoncus&massa=mauris&id=enim&lobortis=leo&convallis=rhoncus&tortor=sed&risus=vestibulum&dapibus=sit&augue=amet&vel=cursus&accumsan=id&tellus=turpis&nisi=integer&eu=aliquet&orci=massa&mauris=id&lacinia=lobortis&sapien=convallis&quis=tortor&libero=risus&nullam=dapibus&sit=augue&amet=vel&turpis=accumsan&elementum=tellus&ligula=nisi&vehicula=eu&consequat=orci&morbi=mauris&a=lacinia&ipsum=sapien&integer=quis&a=libero&nibh=nullam&in=sit&quis=amet&justo=turpis&maecenas=elementum&rhoncus=ligula&aliquam=vehicula&lacus=consequat&morbi=morbi,http://dummyimage.com/x.png/dddddd/000000
2,06/09/2023,14,Barakī Barak,http://dagondesign.com/sit.json?diam=mauris&in=viverra&magna=diam&bibendum=vitae&imperdiet=quam&nullam=suspendisse&orci=potenti&pede=nullam&venenatis=porttitor&non=lacus&sodales=at&sed=turpis&tincidunt=donec&eu=posuere&felis=metus&fusce=vitae&posuere=ipsum&felis=aliquam&sed=non&lacus=mauris&morbi=morbi&sem=non&mauris=lectus&laoreet=aliquam&ut=sit&rhoncus=amet&aliquet=diam&pulvinar=in&sed=magna&nisl=bibendum&nunc=imperdiet&rhoncus=nullam&dui=orci&vel=pede&sem=venenatis&sed=non&sagittis=sodales&nam=sed&congue=tincidunt&risus=eu&semper=felis&porta=fusce&volutpat=posuere&quam=felis&pede=sed&lobortis=lacus&ligula=morbi&sit=sem&amet=mauris&eleifend=laoreet&pede=ut&libero=rhoncus&quis=aliquet&orci=pulvinar&nullam=sed&molestie=nisl&nibh=nunc&in=rhoncus&lectus=dui&pellentesque=vel&at=sem&nulla=sed&suspendisse=sagittis&potenti=nam&cras=congue&in=risus&purus=semper&eu=porta&magna=volutpat&vulputate=quam&luctus=pede&cum=lobortis,http://dummyimage.com/x.png/cc0000/ffffff
3,07/09/2023,7,Duanjia,http://sphinn.com/eget/eros/elementum/pellentesque/quisque/porta/volutpat.html?ut=montes&dolor=nascetur&morbi=ridiculus&vel=mus&lectus=etiam&in=vel&quam=augue&fringilla=vestibulum&rhoncus=rutrum&mauris=rutrum&enim=neque&leo=aenean&rhoncus=auctor&sed=gravida&vestibulum=sem&sit=praesent&amet=id&cursus=massa&id=id&turpis=nisl&integer=venenatis&aliquet=lacinia&massa=aenean,http://dummyimage.com/x.png/ff4444/ffffff
4,08/09/2023,21,Bailadores,https://unblog.fr/maecenas/ut.js?phasellus=vel&sit=nisl&amet=duis&erat=ac&nulla=nibh&tempus=fusce&vivamus=lacus,http://dummyimage.com/x.png/cc0000/ffffff
5,09/09/2023,28,Ntungamo,https://europa.eu/lacus/at/turpis/donec/posuere/metus.xml?cubilia=lacinia&curae=nisi&duis=venenatis&faucibus=tristique&accumsan=fusce&odio=congue&curabitur=diam&convallis=id&duis=ornare&consequat=imperdiet&dui=sapien&nec=urna&nisi=pretium&volutpat=nisl&eleifend=ut&donec=volutpat&ut=sapien&dolor=arcu&morbi=sed&vel=augue&lectus=aliquam&in=erat&quam=volutpat&fringilla=in&rhoncus=congue&mauris=etiam&enim=justo&leo=etiam&rhoncus=pretium&sed=iaculis&vestibulum=justo&sit=in&amet=hac&cursus=habitasse&id=platea&turpis=dictumst&integer=etiam&aliquet=faucibus&massa=cursus&id=urna&lobortis=ut&convallis=tellus&tortor=nulla&risus=ut&dapibus=erat&augue=id&vel=mauris&accumsan=vulputate&tellus=elementum&nisi=nullam&eu=varius&orci=nulla&mauris=facilisi&lacinia=cras&sapien=non&quis=velit&libero=nec&nullam=nisi&sit=vulputate&amet=nonummy&turpis=maecenas&elementum=tincidunt&ligula=lacus&vehicula=at&consequat=velit&morbi=vivamus&a=vel&ipsum=nulla&integer=eget&a=eros&nibh=elementum&in=pellentesque&quis=quisque&justo=porta&maecenas=volutpat&rhoncus=erat&aliquam=quisque&lacus=erat&morbi=eros&quis=viverra&tortor=eget&id=congue&nulla=eget&ultrices=semper&aliquet=rutrum&maecenas=nulla&leo=nunc&odio=purus&condimentum=phasellus,http://dummyimage.com/x.png/cc0000/ffffff
6,10/09/2023,7,Borlänge,http://bizjournals.com/nec.png?velit=nunc&id=donec&pretium=quis&iaculis=orci&diam=eget&erat=orci&fermentum=vehicula&justo=condimentum&nec=curabitur&condimentum=in&neque=libero&sapien=ut&placerat=massa&ante=volutpat&nulla=convallis&justo=morbi&aliquam=odio&quis=odio&turpis=elementum&eget=eu&elit=interdum&sodales=eu&scelerisque=tincidunt&mauris=in&sit=leo&amet=maecenas&eros=pulvinar&suspendisse=lobortis&accumsan=est&tortor=phasellus&quis=sit&turpis=amet&sed=erat&ante=nulla&vivamus=tempus&tortor=vivamus&duis=in&mattis=felis&egestas=eu&metus=sapien&aenean=cursus&fermentum=vestibulum&donec=proin&ut=eu&mauris=mi&eget=nulla&massa=ac&tempor=enim&convallis=in&nulla=tempor&neque=turpis&libero=nec&convallis=euismod&eget=scelerisque&eleifend=quam&luctus=turpis&ultricies=adipiscing&eu=lorem&nibh=vitae&quisque=mattis&id=nibh&justo=ligula&sit=nec&amet=sem&sapien=duis&dignissim=aliquam&vestibulum=convallis&vestibulum=nunc&ante=proin&ipsum=at&primis=turpis&in=a&faucibus=pede&orci=posuere&luctus=nonummy&et=integer&ultrices=non&posuere=velit&cubilia=donec&curae=diam&nulla=neque&dapibus=vestibulum&dolor=eget,http://dummyimage.com/x.png/cc0000/ffffff
7,11/09/2023,21,Union,http://networksolutions.com/libero.js?at=vel&feugiat=ipsum&non=praesent&pretium=blandit&quis=lacinia&lectus=erat&suspendisse=vestibulum&potenti=sed&in=magna&eleifend=at&quam=nunc&a=commodo&odio=placerat&in=praesent&hac=blandit&habitasse=nam&platea=nulla&dictumst=integer&maecenas=pede&ut=justo&massa=lacinia&quis=eget&augue=tincidunt&luctus=eget&tincidunt=tempus&nulla=vel&mollis=pede&molestie=morbi&lorem=porttitor&quisque=lorem&ut=id&erat=ligula&curabitur=suspendisse&gravida=ornare&nisi=consequat&at=lectus&nibh=in&in=est&hac=risus&habitasse=auctor&platea=sed&dictumst=tristique&aliquam=in&augue=tempus&quam=sit&sollicitudin=amet&vitae=sem&consectetuer=fusce&eget=consequat&rutrum=nulla&at=nisl&lorem=nunc,http://dummyimage.com/x.png/5fa2dd/ffffff
8,12/09/2023,14,Srubec,http://wordpress.com/lacinia/sapien/quis/libero/nullam/sit/amet.aspx?ut=velit&erat=nec&id=nisi&mauris=vulputate&vulputate=nonummy&elementum=maecenas&nullam=tincidunt&varius=lacus&nulla=at&facilisi=velit&cras=vivamus&non=vel&velit=nulla&nec=eget&nisi=eros&vulputate=elementum&nonummy=pellentesque&maecenas=quisque&tincidunt=porta&lacus=volutpat&at=erat&velit=quisque&vivamus=erat&vel=eros&nulla=viverra&eget=eget&eros=congue&elementum=eget&pellentesque=semper&quisque=rutrum&porta=nulla&volutpat=nunc&erat=purus&quisque=phasellus,http://dummyimage.com/x.png/cc0000/ffffff
9,13/09/2023,35,Üydzen,https://gnu.org/convallis/nulla/neque.png?tortor=amet&id=diam&nulla=in&ultrices=magna&aliquet=bibendum&maecenas=imperdiet&leo=nullam&odio=orci&condimentum=pede&id=venenatis&luctus=non&nec=sodales&molestie=sed&sed=tincidunt&justo=eu&pellentesque=felis&viverra=fusce&pede=posuere&ac=felis&diam=sed&cras=lacus&pellentesque=morbi&volutpat=sem&dui=mauris&maecenas=laoreet&tristique=ut&est=rhoncus&et=aliquet&tempus=pulvinar&semper=sed&est=nisl&quam=nunc&pharetra=rhoncus&magna=dui&ac=vel&consequat=sem&metus=sed&sapien=sagittis&ut=nam&nunc=congue&vestibulum=risus&ante=semper&ipsum=porta&primis=volutpat&in=quam&faucibus=pede&orci=lobortis&luctus=ligula&et=sit&ultrices=amet&posuere=eleifend&cubilia=pede&curae=libero&mauris=quis&viverra=orci&diam=nullam&vitae=molestie&quam=nibh&suspendisse=in&potenti=lectus&nullam=pellentesque&porttitor=at&lacus=nulla&at=suspendisse&turpis=potenti&donec=cras&posuere=in&metus=purus&vitae=eu&ipsum=magna&aliquam=vulputate&non=luctus&mauris=cum&morbi=sociis&non=natoque&lectus=penatibus&aliquam=et&sit=magnis&amet=dis&diam=parturient&in=montes&magna=nascetur&bibendum=ridiculus&imperdiet=mus&nullam=vivamus&orci=vestibulum&pede=sagittis&venenatis=sapien,http://dummyimage.com/x.png/ff4444/ffffff
10,14/09/2023,70,Manolo Fortich,https://weebly.com/magnis/dis/parturient/montes.jpg?dis=quam&parturient=a&montes=odio&nascetur=in&ridiculus=hac&mus=habitasse&vivamus=platea&vestibulum=dictumst&sagittis=maecenas&sapien=ut&cum=massa&sociis=quis&natoque=augue&penatibus=luctus&et=tincidunt&magnis=nulla&dis=mollis&parturient=molestie&montes=lorem&nascetur=quisque&ridiculus=ut&mus=erat&etiam=curabitur&vel=gravida&augue=nisi&vestibulum=at&rutrum=nibh&rutrum=in&neque=hac&aenean=habitasse&auctor=platea&gravida=dictumst&sem=aliquam&praesent=augue&id=quam&massa=sollicitudin,http://dummyimage.com/x.png/ff4444/ffffff
