Username,HashedPassword,CreationTimestamp,Email,Name,ProfileImageUrl,Rating,Role
admin,AQAAAAEAACcQAAAAEGPZrlF5cyDO0rAPkayfmdfXdczxbGcGh0vEExk1yqwMBkDwK8HPk7mJDhjhn9WggQ==,2023-09-05 12:45:27.520482+01,admin@gmail.com,Admin Bird,https://i.pravatar.cc/150?img=6,142,1
lbeauman1,AQAAAAEAACcQAAAAEGPZrlF5cyDO0rAPkayfmdfXdczxbGcGh0vEExk1yqwMBkDwK8HPk7mJDhjhn9WggQ==,2023-09-05 12:45:27.520482+01,lbeauman1@miitbeian.gov.cn,Laurent Beauman,https://i.pravatar.cc/150?img=13,100,0
ssperring2,AQAAAAEAACcQAAAAEGPZrlF5cyDO0rAPkayfmdfXdczxbGcGh0vEExk1yqwMBkDwK8HPk7mJDhjhn9WggQ==,2023-09-05 12:45:27.520482+01,ssperring2@furl.net,Seward Sperring,https://i.pravatar.cc/150?img=20,589,0
kwillder3,AQAAAAEAACcQAAAAEGPZrlF5cyDO0rAPkayfmdfXdczxbGcGh0vEExk1yqwMBkDwK8HPk7mJDhjhn9WggQ==,2023-09-05 12:45:27.520482+01,kwillder3@imdb.com,Kala Willder,https://i.pravatar.cc/150?img=21,187,0
esammonds4,AQAAAAEAACcQAAAAEGPZrlF5cyDO0rAPkayfmdfXdczxbGcGh0vEExk1yqwMBkDwK8HPk7mJDhjhn9WggQ==,2023-09-05 12:45:27.520482+01,esammonds4@yahoo.com,Elaina Sammonds,https://i.pravatar.cc/150?img=22,313,0
bcraigmyle5,AQAAAAEAACcQAAAAEGPZrlF5cyDO0rAPkayfmdfXdczxbGcGh0vEExk1yqwMBkDwK8HPk7mJDhjhn9WggQ==,2023-09-05 12:45:27.520482+01,bcraigmyle5@usa.gov,Bellanca Craigmyle,https://i.pravatar.cc/150?img=23,295,0
grosensaft6,AQAAAAEAACcQAAAAEGPZrlF5cyDO0rAPkayfmdfXdczxbGcGh0vEExk1yqwMBkDwK8HPk7mJDhjhn9WggQ==,2023-09-05 12:45:27.520482+01,grosensaft6@biglobe.ne.jp,Godiva Rosensaft,https://i.pravatar.cc/150?img=24,498,0
sdoulton7,AQAAAAEAACcQAAAAEGPZrlF5cyDO0rAPkayfmdfXdczxbGcGh0vEExk1yqwMBkDwK8HPk7mJDhjhn9WggQ==,2023-09-05 12:45:27.520482+01,sdoulton7@house.gov,Selestina Doulton,https://i.pravatar.cc/150?img=25,645,0
kuzielli8,AQAAAAEAACcQAAAAEGPZrlF5cyDO0rAPkayfmdfXdczxbGcGh0vEExk1yqwMBkDwK8HPk7mJDhjhn9WggQ==,2023-09-05 12:45:27.520482+01,kuzielli8@liveinternet.ru,Kelsi Uzielli,https://i.pravatar.cc/150?img=26,624,0
ccutajar9,AQAAAAEAACcQAAAAEGPZrlF5cyDO0rAPkayfmdfXdczxbGcGh0vEExk1yqwMBkDwK8HPk7mJDhjhn9WggQ==,2023-09-05 12:45:27.520482+01,ccutajar9@utexas.edu,Chic Cutajar,https://i.pravatar.cc/150?img=27,295,0
dskillitta,AQAAAAEAACcQAAAAEGPZrlF5cyDO0rAPkayfmdfXdczxbGcGh0vEExk1yqwMBkDwK8HPk7mJDhjhn9WggQ==,2023-09-05 12:45:27.520482+01,dskillitta@rediff.com,Dre Skillitt,https://i.pravatar.cc/150?img=28,972,0
bjacobsb,AQAAAAEAACcQAAAAEGPZrlF5cyDO0rAPkayfmdfXdczxbGcGh0vEExk1yqwMBkDwK8HPk7mJDhjhn9WggQ==,2023-09-05 12:45:27.520482+01,bjacobsb@nbcnews.com,Bobbee Jacobs,https://i.pravatar.cc/150?img=29,40,0
bmewhac,AQAAAAEAACcQAAAAEGPZrlF5cyDO0rAPkayfmdfXdczxbGcGh0vEExk1yqwMBkDwK8HPk7mJDhjhn9WggQ==,2023-09-05 12:45:27.520482+01,bmewhac@scientificamerican.com,Barbette Mewha,https://i.pravatar.cc/150?img=30,59,0
viacovuzzid,AQAAAAEAACcQAAAAEGPZrlF5cyDO0rAPkayfmdfXdczxbGcGh0vEExk1yqwMBkDwK8HPk7mJDhjhn9WggQ==,2023-09-05 12:45:27.520482+01,viacovuzzid@phoca.cz,Vladimir Iacovuzzi,https://i.pravatar.cc/150?img=31,225,0
lclothere,AQAAAAEAACcQAAAAEGPZrlF5cyDO0rAPkayfmdfXdczxbGcGh0vEExk1yqwMBkDwK8HPk7mJDhjhn9WggQ==,2023-09-05 12:45:27.520482+01,lclothere@bloglines.com,Lydie Clother,https://i.pravatar.cc/150?img=32,46,0
okayesf,AQAAAAEAACcQAAAAEGPZrlF5cyDO0rAPkayfmdfXdczxbGcGh0vEExk1yqwMBkDwK8HPk7mJDhjhn9WggQ==,2023-09-05 12:45:27.520482+01,okayesf@elpais.com,Onida Kayes,https://i.pravatar.cc/150?img=33,4,0
wdominickg,AQAAAAEAACcQAAAAEGPZrlF5cyDO0rAPkayfmdfXdczxbGcGh0vEExk1yqwMBkDwK8HPk7mJDhjhn9WggQ==,2023-09-05 12:45:27.520482+01,wdominickg@livejournal.com,Wake Dominick,https://i.pravatar.cc/150?img=34,877,0
fmauldenh,AQAAAAEAACcQAAAAEGPZrlF5cyDO0rAPkayfmdfXdczxbGcGh0vEExk1yqwMBkDwK8HPk7mJDhjhn9WggQ==,2023-09-05 12:45:27.520482+01,fmauldenh@wisc.edu,Faunie Maulden,https://i.pravatar.cc/150?img=35,91,0
mbraddocki,AQAAAAEAACcQAAAAEGPZrlF5cyDO0rAPkayfmdfXdczxbGcGh0vEExk1yqwMBkDwK8HPk7mJDhjhn9WggQ==,2023-09-05 12:45:27.520482+01,mbraddocki@a8.net,Mariska Braddock,https://i.pravatar.cc/150?img=36,54,0
lthackeray0,AQAAAAEAACcQAAAAEGPZrlF5cyDO0rAPkayfmdfXdczxbGcGh0vEExk1yqwMBkDwK8HPk7mJDhjhn9WggQ==,2023-09-05 12:45:27.520482+01,lthackeray0@flickr.com,Loren Thackeray,https://i.pravatar.cc/150?img=37,36,0
